order_id,payment_sequential,payment_type,payment_installments,payment_value
fb1a2a1296f822405a946cbdfc0d3ed6,1,credit_card,3,-34.78
845af9472cc76e66fbf445931b511755,1,credit_card,5,-123.41
4b5648d8399ea47a4c323499045aaefc,1,boleto,1,-32.38
828c3114b783f896fba059433600c471,1,credit_card,1,-77.57
ac14a1a3d8c2b071a150eb2990b5ecd8,1,credit_card,2,-49.77
ee00fa5093eb96d8573403b382fb60a8,1,boleto,1,-66.44
f44117f1303c4e6573d463bdedff85de,1,credit_card,3,-114.85
6f393015477564624446a2b4c948c0f0,1,credit_card,4,-40.43
2c9802d8dcf6a98e04bc7dc09cb33c65,1,boleto,1,-63.05
36bd9a684be63b7aed450f82d31727f0,1,credit_card,6,-133.93
f0a3e1364c48c7c7f24a2282883d5c64,1,credit_card,1,-27.36
4ef50a2c9652e429d7d7591a0712aad0,1,credit_card,1,-135.72
21f27570ef536f54c3f27f4c9e9c9709,1,credit_card,2,-211.6
a1deb5a1e93bdf89bc4e5e00ec3691d6,1,credit_card,2,-189.56
4294d6c2b09c5f2438c01b11c91ff7a8,1,debit_card,1,-184.77
a28b2354a61dbafb15e76454d557d543,1,credit_card,1,-49.12
3f61fdc385ace6c39912703194992ad7,1,boleto,1,-169.48
dd1dfe88448d5571a97af819c52776b4,1,credit_card,3,-68.89
33ec97b423d769023dbd71f138aca94a,1,credit_card,10,-1381.87
80cc641291fcdf79b31212ddd7b175c9,1,credit_card,4,-244.72
eca4633566cacdae57271f51ebe79131,1,credit_card,4,-352.98
061b74bca735bb2c1953e40bc098101d,1,credit_card,3,-98.88
a4635c4b193e740cc720feeb43e075ef,1,credit_card,10,-100.18
c4ee04fd6b5632ac5b0b3c6834a9f3cd,1,credit_card,1,-35.42
7f4214f76d60bda5b31f6003e8efe6bc,1,credit_card,1,-111.69
48b4f1f96d5ae13b404fe7d041a8d393,1,credit_card,1,-94.74
2263541189c89c889a7532e7f5766b77,1,credit_card,1,-130.22
97f6c1beeb18315f25509f009a45b111,1,boleto,1,-148.06
56d77478af78c445066db1c9876e9e84,1,credit_card,3,-170.76
6982e573fae66449ecdcb3381c5c75f9,1,credit_card,5,-329.47
6c20d70e7c720f7895651a703e320b86,1,credit_card,7,-76.72
dedbf4a9f32dd77fa0d5db00bbf70b31,1,credit_card,2,-102.06
5c71e221fbfe172146d1ded47bf97fee,1,credit_card,1,-67.3
c344961ac6be05910dfb619e443ca671,1,credit_card,1,-112.92
2668da32aacf500cc535a4915f6efd91,1,credit_card,2,-49.42
813036395db381f187d5429f5ee758ac,1,credit_card,10,-134.01
e79f873315375aad54aa74ee8119dc40,1,boleto,1,-36.96
9b34787245866523a491f855ebc4e8fe,1,credit_card,4,-340.04
ccf804e764ed5650cd8759557269dc13,19,voucher,1,-1.68
b8e11074d7fd4b6123ebcc4af964381c,1,boleto,1,-88.19
2d75fff7b2cc9e8df5ddfcf9a7a11cec,1,boleto,1,-436.42
0220b52f0b019739726d80c64bd4bf08,1,credit_card,4,-40.09
784d141a794f0e73cc3c9ed3b6efa3ec,1,credit_card,2,-148.32
20c452fc8f22663c6a11508ec8ca0726,1,credit_card,4,-204.24
2be42939cac09105b9839ead73abb79b,1,voucher,1,-77.57
cf929d9ea864fa89b752c5cf0b98cd25,1,credit_card,4,-102.03
d3c03dbaa329d4cc4c2c13d982a94438,1,credit_card,10,-121.8
b741ced31205b787eebdd0cc7f220b0a,1,credit_card,1,-52.24
fc2010beb548588d1543ca8adaa132ba,1,credit_card,8,-690.44
55539e6edbbf2276dc9e2eab8af0fa8d,1,boleto,1,-68.51
848ab881c02107858764faed825d804b,1,credit_card,2,-381.22
69727f8e9f934f9177e36f31d1865c2a,1,boleto,1,-70.47
3bb0635cfdd779b10da72af7d39f9ccf,1,credit_card,2,-208.89
000e562887b1f2006d75e0be9558292e,1,credit_card,4,-41.11
b28360b44929ee4de27af7329c403c58,1,credit_card,3,-1342.03
9c6203a8eacf4ccb437c800c9629f792,1,boleto,1,-66.13
1dc762b27fac9fd0a2a373b1765904d6,1,boleto,1,-217.64
bef0a9fd3674bdfdb2a292fab7793cfd,1,boleto,1,-323.96
de4200e70f1ba056e8e0ce5a6b057f76,1,boleto,1,-143.36
6694b68ebe1f4dff3b22fbbfff33d80a,1,credit_card,1,-49.67
fc31a63e2f4e1c8cab6b97ec8eee6f84,1,credit_card,1,-89.17
c52c7fbe316b5b9d549e8a25206b8a1f,1,credit_card,10,-1619.73
c6f6b7098338abbafdecc3ee3ff4bb66,1,credit_card,3,-132.7
021f21b778ea0a81da47ebe141b1b29c,1,credit_card,3,-153.27
c150d0cdd6a3320d8b475792bc422069,1,credit_card,2,-76.86
95adaa1525c1ed7ae7e428c561ec0493,1,boleto,1,-230.01
f3a2f6c8a6fb28bb010f660ca61dd606,1,credit_card,3,-160.4
c66d52ab7ee1f262449a1c5aad867d82,1,credit_card,2,-166.7
6c38cc0437106405b2e22f6c3ada72e4,1,credit_card,5,-56.69
82f2c3e9aac31446ce4f3edd3a876f8e,1,credit_card,1,-18.17
90f5bc49a00bbb174525836eeacc4970,1,boleto,1,-26.77
356c676af9d2b3828c504330ea74ed73,1,credit_card,6,-137.56
86750203b5e14b3a36c7a0c8612c8b8f,1,credit_card,5,-129.64
8821146ecf8a1eb441aa052b371f1814,1,credit_card,1,-33.34
4cad943ab8ba8479347dd102125fa87b,1,boleto,1,-118.9
a0b86c319dde7542c0899dbd2a4905ef,1,credit_card,8,-115.35
8d6f247153477b8878975aa0fbde4b5a,1,credit_card,4,-44.13
fa584838f0f64e25b892b5e883b2c606,1,credit_card,1,-69.13
59c134c32edc0046c31ad8bd6f521b61,1,credit_card,4,-45.66
f25e32d51127cbef9f269ecae2c83573,1,boleto,1,-70.72
3d9817c275992633499fdc96798e8c33,1,credit_card,1,-39.08
054df8d1a5ab3cf520be20c25d98f5f4,1,credit_card,1,-59.92
3e1d096455531309ff1f946ed0f580cc,1,boleto,1,-87.14
0f5eab9ad693ad60f23eddb4338d4a20,1,credit_card,2,-90.17
b1629139e38e77931c032720fff0c091,1,boleto,1,-27.68
3ad21c0e40b33f2600a06e99f27a5fe2,1,credit_card,6,-68.0
c3432f724305c363034ae8ee0ca2ad4e,1,credit_card,5,-200.9
bfdfcb5b457a83ebc43eccb8d8531f7f,1,boleto,1,-145.01
20246bd1767d916d618e27b8e4fcb8fd,1,boleto,1,-40.27
67209bfa3f0c84a965b585ea6ed3ff8e,1,credit_card,3,-82.69
0914478fdcadbaa5c8c8b3442b4f28d2,1,voucher,1,-56.78
7133741ec73ad73f2b0df0078f3dff59,1,credit_card,3,-110.34
a4841e5f06a8d3ab2f2bea2ad95c38e7,1,credit_card,2,-68.35
5a6816abc699af392f8a2520aadf1cd9,1,credit_card,8,-207.65
89bba6017e2a96f939c1a9551b4ed4a4,1,credit_card,1,-38.02
088833da9e3a3578817cee729d4e0a97,1,credit_card,1,-90.46
61d2a793d75b8f30ad016615afadad8e,1,credit_card,1,-64.38
8962562ed377c8bcf6f9854a016989f1,1,credit_card,2,-466.45
7597c07056d24fa2ffe6ce4625e6d416,1,credit_card,1,-67.93
aa955ed3185cc397197e640ec84c5031,1,credit_card,3,-241.15
de96144dc55ce453b7dd9b5995a87c6a,2,voucher,1,-29.68
e7a2b8d18d8cf1501a61b55d6f154346,1,credit_card,3,-165.94
3ea37e479ca4fb57227d43b806c98174,1,credit_card,10,-232.94
03dec253b6e471bd5b0653cc53b79e95,1,credit_card,1,-158.38
71a9bc15cae2d58e86e4be7ae0ddc592,1,credit_card,6,-134.01
7a094f321857b6925fee399192bb5ebd,1,credit_card,1,-41.93
24f1803064ef788a570a74e04dc6663f,1,credit_card,1,-51.35
ae7dc97e75f7b915af6ef838d96df18a,1,credit_card,1,-435.79
136286e8ffa587be2d282d0975515ad3,1,credit_card,2,-179.07
647a878dc34645d35999b5dc9d506373,1,credit_card,2,-48.77
28618be7d166aad45ab14e9bca43cc19,1,credit_card,3,-76.78
a889adb9dae2a1639e74395e692c0055,1,credit_card,3,-51.73
33e70b1305003580be0b34472acce620,1,credit_card,1,-0.11
73b378f4b10f5210636e40c6f96fe51d,1,credit_card,2,-163.79
0fb55482ffb326ed131c67051fe87192,1,voucher,1,-55.68
81897e3300d655ed456f166e3b362b2c,1,credit_card,1,-32.69
3aa0a75931f649d9e3e83aaa9d6a95e7,1,credit_card,1,-268.53
43aacfeefda02bc2a69ce66910a2d4cf,1,credit_card,1,-39.13
4e0665384670c0b50c2d6857e56c35e0,1,credit_card,1,-117.85
c4ae694131c2e15bee056c466f77f994,1,credit_card,8,-83.12
28d0d98e542f0409627c3717348339c4,1,credit_card,1,-165.45
b4a740a590b5576fb4a95cba71d80c5d,1,credit_card,8,-94.3
bb5b0d8f3e9c964760c674f2aa2ae0cf,1,credit_card,4,-192.67
90f6254d7d1be81c8b501dec6668d86a,1,credit_card,3,-65.4
71b4480b617e5a0468d7362efb7c4b3d,1,credit_card,1,-22.38
8b1999cf2912d6be6f23ce1474751748,1,credit_card,1,-232.39
f11e9516ca2b6091b64f2e2ea0ebebb3,1,credit_card,1,-222.68
7b43a2ef9231cfd5d2ed762899da24bd,1,credit_card,8,-335.47
46577915955882637e4399fae724c027,1,credit_card,8,-80.73
dc771d8720de3625596eb0b0fa043528,1,credit_card,2,-127.01
c9b2447b34e74d4e83900fb91dec3e56,1,credit_card,2,-359.67
71038e0d9a6cdb865f447e4609420028,1,credit_card,6,-165.52
db6bbd5bd39d674b8778df50982d00de,1,credit_card,10,-459.34
b40cc054a1791acddb6215a0472b5a81,1,credit_card,8,-328.15
f23cbffef931c76fb5231f8b292d457d,1,credit_card,7,-76.98
0dccb365ad960364b43a228ff6cebd3b,1,boleto,1,-91.86
aa61e95f95f3ec74b8a3b7c5c174c0c5,1,credit_card,4,-400.66
d5c9d16cb39c145a934aac43316eb2a9,1,boleto,1,-63.4
ee8f5d7599c575d8f8eb1a2ea7d66686,1,credit_card,1,-6.4
a23c9dbc30a11490a1ba3e7143dde4a1,1,credit_card,3,-180.33
6df63dddfc5b87dd7294f148d6956c27,1,credit_card,2,-65.05
658bea3a595af733d395a91ed9714160,1,credit_card,2,-501.44
0c1e49ce507979f2fb222498663ce653,1,credit_card,8,-215.78
d4cb2f7d8e7f756a94c511fd1280e026,1,credit_card,6,-152.94
6460cc80249f46f8289b2a8d55d61dbd,1,credit_card,3,-153.39
ac3b2d2f26b74c0c5f1e28c2f35abbc8,1,credit_card,4,-559.92
771596702a2e0245fb67b093182acb03,2,credit_card,1,-11.11
2f469266d0a5336ac76d2068ef1c9f2f,1,credit_card,1,-87.16
bb853f6461f9ba28e1f12a564dabb27c,1,credit_card,1,-89.17
cdc62ef71741b912ed0378bd8493f884,1,credit_card,10,-237.59
8ac5066a163c60c1ae9bf17200df3dd1,1,credit_card,2,-180.34
16424ce30b370cd4ad36d4aa24baf5f2,1,voucher,1,-30.19
ce2d0e7e8a249b93d3cfadb57113023f,1,credit_card,3,-72.75
f58ebdd1a4d270925b85a62286d42e85,1,credit_card,5,-134.05
784d7e60c3fb0cdd1b539166302ecd5b,1,credit_card,10,-124.08
63a82c6ebb8ce1c3327cf686be3c4a6e,2,voucher,1,-9.81
c394597c0ca7c76e816618529dcd9ef9,1,credit_card,1,-64.03
858d458b39082890e96fbb1fed8c2a52,4,voucher,1,-252.97
d52b1795d584c884bb9c831365a62599,1,credit_card,5,-51.84
a530dc19f1969dc7898a1b96fcd6e602,1,credit_card,2,-25.38
787da13655afdfe6f549e008c69ebca7,1,credit_card,1,-86.46
adde6f841dc05dfe3899ed053001e5bc,1,credit_card,3,-117.94
d3e4a1e18bc6278ceaec89c39a69083b,1,voucher,1,-48.78
2fe3e3ee7c1249743f3c7391c05042b3,1,credit_card,5,-73.43
267e7e0b0615d34fa4c39c0a97cee1d5,1,boleto,1,-117.63
cea2fe1d50aefdd1f048eb16503e32b0,1,credit_card,9,-118.84
2414366ce919fcb8e0f47caeb95e580c,1,boleto,1,-57.68
8e75defef52610477f8662c16b16498a,1,credit_card,1,-46.3
fa5fda679e9129cc1196e2482c1b58f5,1,boleto,1,-95.02
4afc8ef1eb3b8f88a3b495823546ee02,1,boleto,1,-80.39
3a6e8538e1375fe73ec8da36fd36fe3e,1,credit_card,4,-177.42
c8bb5e3a323ce2493a2a00f055b10f11,1,credit_card,2,-106.39
f6b21dc04fd9a818939dd9aeb45d9b37,1,credit_card,5,-52.84
2116afd8913047456f2159240bab5180,1,credit_card,1,-39.09
4cd9915def259f286fba7a886ed35cd5,1,credit_card,1,-163.81
22170faea0e48a083b8216ce465df183,1,voucher,1,-196.98
d2bff83d0edaab294ac81f5a5dae2a08,1,credit_card,2,-130.01
8dfcba64312b559340f9c9f65ac6205c,1,boleto,1,-95.32
f36aa133ca7706c333252a46fc0b36e1,1,credit_card,5,-186.94
4a43d3c22320336cee933c3b90a9e55b,1,credit_card,3,-106.5
46bdbe48b6f5daa3dcc38e41599d0403,1,credit_card,1,-64.0
a8bbc485329f055ce3addabfbf8d4f86,1,credit_card,2,-100.34
e147eb86ed23b0e106ce62cec5c6df6a,1,boleto,1,-138.73
c3ca09e4e3a9c10f9b91c9ceb0d8e379,1,credit_card,1,-62.59
7204d5345f7a3370e7db75d7226d53f3,1,boleto,1,-63.15
f96b5c312ad850920b6aed06ee8881ad,1,credit_card,1,-45.1
0045e3085f083f0f38d24bb3f22e6593,1,credit_card,3,-130.74
a4b45ae5dd9fc64c6ad2093aa51dbc30,1,credit_card,4,-151.92
ce3397e3e383fc93adefff9aa6a9aa7b,1,boleto,1,-97.28
61b62438062a85e41edce3f024afe81e,1,credit_card,2,-96.71
86e2444fc896c9fa2eb5bc9d8a15e111,1,credit_card,4,-82.97
ebe13d8c2f9983578a9aa31fd76148de,1,boleto,1,-162.55
d83c6337cdf106c0818f7cd984240f59,1,boleto,1,-99.45
f30b5e94b68ee195b6ec2d817e5bef0c,1,credit_card,1,-37.98
40bdd1ba5a9602677ba0603dfb0a659a,1,boleto,1,-133.97
7dfd52d05dd4bf18de9e17066c123de2,1,credit_card,8,-180.15
8fcba4aadf752a090bcb6f9bb70be752,1,boleto,1,-69.04
e531e9e89d98dd65602ba196b7a619a6,1,credit_card,1,-110.28
3924ecb5e299e5fb70a6f38e34aa4c1a,1,credit_card,4,-445.59
cd03e8cd71dabc46caecc93fe7a25ff7,1,credit_card,1,-257.94
567d66becc6262cc863b77907f21089e,1,boleto,1,-727.1
ef9d9d877db739de05e8c8f91938da1f,1,credit_card,1,-411.87
9da6e3bacbae9dfb6f886b2fcdd80bcd,1,credit_card,1,-254.73
3712671af76fe8fa80631e4407cc6ab1,1,credit_card,1,-89.91
39f2f1bc7660c36850e4d3798f120658,1,credit_card,4,-43.85
51c6e11bdc431158ce46b1c5f2ddc4a6,1,boleto,1,-48.49
d4b3b00396bf3d72f49b2e06219f385e,1,credit_card,1,-72.43
e1090e366ab626c68ca02d56a6dd1821,1,boleto,1,-210.72
5935b70a1cae39b66d05db3bcfa4a144,1,credit_card,10,-158.58
a118f629bb45d3d297600325e84504a3,1,credit_card,1,-284.9
ccb8b4e769ca2b38efbde774aaacc166,1,credit_card,10,-263.8
f086e4c6f1e932ae9d9cfe398889d148,1,credit_card,1,-111.6
06e72b5b111756079f63cf67445db61a,1,credit_card,1,-48.62
5143a430945a2dd6f4fe4ed2dac0b47a,1,boleto,1,-39.32
19d384f8370ca0d66c6c059da4c127cd,1,credit_card,1,-89.91
2b86248935bc0815bedf6857267be978,1,credit_card,10,-209.42
5df92b927062b1c416d780b6efaf4032,1,credit_card,1,-360.54
c0dc40c9b75544f724446006672844a8,1,boleto,1,-121.39
41912407aa4f806e91639c89391eceef,1,credit_card,1,-82.33
626c5c9bfe704ebabd98974ff8307803,1,credit_card,1,-45.86
4c093f4ead050e56e7c9087f8530fd21,1,credit_card,1,-212.84
c65f69d345be67d95161dfce89c2c1a1,1,credit_card,1,-193.81
ba811df8f38f8b18170fa9d29732ed0f,1,boleto,1,-49.42
c97de78b8ee3343c72b234c57b872408,1,credit_card,6,-565.66
85c14f3be89a889592d53a5b8ff031bb,1,credit_card,3,-89.36
2eb5ba20812f78127f6243fa27fb40e5,1,boleto,1,-252.61
4225edaa7ed111e8f866bb6e60e2152b,1,boleto,1,-52.71
a5a4c85af7827f2a7ec7221ee9a5fc9f,1,credit_card,8,-321.72
e6645cd574bfc71b276a102797036491,1,boleto,1,-101.16
36ca6c9bcef057ffdfca22de9dd7bcdd,1,credit_card,1,-328.17
58aa4a2e2d2b63972e1c4508ed5f7cd7,1,credit_card,5,-153.9
352b9aec1e649ed93ea863e41dc39439,1,boleto,1,-33.77
9846cae21962f6c6e65ad2e77d3c2be7,1,credit_card,1,-216.4
32def7b7a945df79e300466f674dde0b,1,credit_card,7,-72.05
3a8e8e947707941c5e3af4aa4da84478,1,credit_card,7,-159.85
b91b89682b68b44b95f65cd872c65b59,1,credit_card,2,-61.79
47e4c8c9420d2f409428aa0249dd2704,1,credit_card,6,-65.05
7448f861b4547fc4407e432c043ee4a0,1,credit_card,1,-44.48
06851487bfc68744f67fbc8ad1934d43,1,credit_card,2,-133.05
2c274f7060d339f907c2388d08f166d6,1,credit_card,1,-140.52
88c70c44f3017d798257015df40ed787,1,credit_card,3,-81.67
337ef16882e956f8147cb7ff4af08a67,1,boleto,1,-116.94
c5267c7bad3d532ba30cf3b72596d3de,1,credit_card,1,-118.35
d8869b7bf74e01d8de9c3f1a58352113,1,credit_card,2,-90.7
2da6634703a5d34c99536f58334e9700,1,credit_card,3,-97.87
cdfb4e1a6dae522cc12d2ac417205cde,1,credit_card,1,-38.22
a400e99b42e3460776a919c62fd5c246,1,boleto,1,-98.7
9125c1064ed28a581538a66da2a84750,1,boleto,1,-91.28
65d8aca563e1335c68eed05a33bc99dd,1,credit_card,4,-97.32
a41ea90d3b4f4a5ab7ebb216052db212,1,credit_card,6,-135.22
9c958729ea25738c217bb66e1cfa200c,1,credit_card,1,-26.88
c5ed30fdf86f49873cb59b43a39d667f,1,credit_card,3,-108.1
3d5dd5656fbfbdc5a7798d2e0885122f,1,credit_card,2,-87.61
13b194db506615d16a862e66b0a2f6e6,1,credit_card,3,-149.58
835bf4777ad72891587719f1098e3528,1,credit_card,1,-41.93
d311155c38169d602c7337aba432ee01,1,boleto,1,-146.38
cc460ac4435835dfdda5526dfe84f01f,1,boleto,1,-237.72
3830e6067665c6a4bf2cc393fae31996,1,credit_card,4,-47.95
f98546c39fc099e563d0b69b74b5151c,1,credit_card,1,-363.12
943eaec3487658de2dc5291e9c051e51,1,credit_card,1,-65.0
2feccd99e8fb784baae9499c24c56522,1,credit_card,4,-44.69
e2e85885a15f712ba00eb35cf5be7cfd,1,credit_card,10,-211.51
97e8d3eb8f48e3610beed991e5f32296,2,voucher,1,-32.4
2ab3c22d797ae5a4199d53021ac9e78b,1,credit_card,3,-66.8
8c6a8f98b933ff47c7aa8404079d9136,1,credit_card,3,-63.39
c617d0b68da07a11637ca641f467fb9e,1,credit_card,1,-195.8
b2bcb2ca559e7f7cec2188a6ae542e87,1,credit_card,1,-75.29
160fec373d1524d70a0adcc4922e3f5f,1,voucher,1,-50.0
a57bebffbfa4ce3c72a856f94e1c589f,1,credit_card,3,-55.09
d6620af765cb60ea04b7cc1a22c37a0c,1,credit_card,1,-137.08
78f0db6f25f112d1100e8d940a643fd5,1,credit_card,3,-179.45
5b2e79428198e5ce482f9ec1bd1014c3,1,boleto,1,-175.32
ca47b8674b4881264380ff336ae5c195,1,credit_card,15,-625.51
94e9d4fb987019517b0aac56db0ae735,1,boleto,1,-65.24
dba86c0ca2d44138a882ae12b4a12d63,1,boleto,1,-53.61
172589c3df7261dca954a6c662c38acc,1,boleto,1,-82.98
a9029e5bd9332bbe973f3680152fb397,1,credit_card,1,-100.67
d2adf5300d2ee5f376ae9bdd68f7723f,1,credit_card,1,-31.83
caa881436bb7c0b6363644399398232b,1,credit_card,3,-187.53
333e7a046c4e6cc445f3178043b57039,1,credit_card,1,-37.53
6affe3f16752393cba3cabe7d1731a2e,2,voucher,1,-100.0
eb77e9c6dc499d31e05de046f8467052,1,credit_card,2,-45.69
cf60237e0bdc9a72ab4563e4b11783bf,2,voucher,1,-8.42
8d47ca771c5f1f48f545ecf4a7c85f82,1,credit_card,4,-40.0
9725871b2a067d972355980be11e7d1d,1,credit_card,2,-132.03
5f19271c1eb0a8eb0a1efed995df752b,1,boleto,1,-279.57
af04ffb35720e2b0ba3e0ff0265d18ac,1,credit_card,4,-65.34
917ca364b9fb9460dee6ea613ee2a5ab,1,credit_card,2,-491.36
a9bcf1a7fe9234ce388f78f3902dfcae,1,credit_card,3,-44.66
584fa640e7dbb97b52206a50abfa4d0a,1,credit_card,2,-148.15
94c2953e576ce67919379eef0d351816,1,credit_card,7,-79.53
175a79065991e40569812e90232dc38d,1,credit_card,9,-880.8
9b30bcabc00edde5c8117aea83c1c11d,1,credit_card,4,-153.72
7fc039785030ccbe08aab72a58254c42,1,boleto,1,-101.14
9b17ed1512fbdda27807b8f2f5de6584,1,boleto,1,-117.46
403b97836b0c04a622354cf531062e5f,1,credit_card,10,-1376.45
03d5b9a74ff46435640f8bd737ac2237,1,credit_card,4,-146.43
86cb9332fe84110d1025f91049fdfede,1,credit_card,2,-61.0
f35ff8b8e2e627ad2a1ae6b89b4806e7,1,credit_card,4,-75.38
8759d467df07f1bc2c4593e411959c84,1,credit_card,10,-355.43
d8bf77c1506e2e7d360d527098156a30,1,credit_card,5,-414.18
3700f4a21c1a400182d57c40e110ab2a,1,credit_card,4,-45.86
9e7a3686660a2b85282c9b3e2111602e,1,credit_card,1,-96.1
21ff4faf5460988340a9675233bd0d1b,2,voucher,1,-50.0
c8cfb4925dd910cb0cf8c67761fdbe5d,1,credit_card,3,-108.0
04778abaab7b4bdfb0abb1110f1eba52,1,boleto,1,-43.22
f3e0072b748ae50d569e3cd2c1e3ea38,1,credit_card,7,-145.69
6df963d6ce20c72cb119e8090f27c011,1,boleto,1,-62.8
512ba2efae3409f37660ce26199b32aa,1,credit_card,3,-236.92
22167b7870f3c3b844087c5cbafac521,1,boleto,1,-187.41
b290e4dd94ec1715d29cc7d82dcf4d2f,1,boleto,1,-78.1
0aa240e0cbbe794b5470e659a22b614b,1,boleto,1,-82.88
a367cb36e03523fd763a8782ad9ba177,1,credit_card,2,-101.14
6e68db908b8a2902c4f8309e1c1cbe3f,1,credit_card,8,-514.7
37ac92a80fc763601ead868bb23af05a,1,credit_card,2,-60.01
439e088d80f64c9fb6491a96e37d7ed7,1,credit_card,8,-550.03
67713bd0ca39cfc934fcec04d0fa476a,1,credit_card,1,-163.04
46e5628ac4a223fe4ecb24dab9d6b26a,1,credit_card,1,-44.53
bbca89624572b1532cc19840d3ad81c8,1,credit_card,1,-37.93
6feb1191d85c6196e2dde76966fdb45a,1,boleto,1,-147.31
08c7ad853a45735072fee2be62052da3,1,credit_card,1,-132.34
5b167c32a8669a3c04fdd22e5764e867,1,boleto,1,-103.63
4cfd544260e7e5a3f69c95e9156f5f12,1,boleto,1,-64.1
2d26f440845a3b31ac584864e2d1a82e,1,boleto,1,-69.03
091deda616c370d63f0bf9a3f525fb34,1,credit_card,3,-95.8
9979adea9a6e9beb05f965201bfe6e5b,1,credit_card,1,-550.53
ee789d8c9f580179177f5445b0e92a1f,1,credit_card,2,-119.12
bc4a4f7bac3e6d96ea9f3d282e621806,1,boleto,1,-77.29
6275a054b07c80fe5b7abe07dda2b366,1,credit_card,1,-197.07
37f6cceb272b1ae10ed4bd8cc0d4a98a,1,credit_card,1,-65.48
cc3c90e62ab9247ab75856083c0c8c96,1,credit_card,2,-84.15
30dfb5b33bf44683be3e2f7df4bdd769,1,credit_card,1,-52.13
0b8223a2d582ee50740baba714b65256,1,credit_card,5,-386.13
4ef04edb491b8cc23eabe782ced6715c,1,credit_card,1,-84.24
2d27fa8465e2c54b168794e916caf16a,1,credit_card,1,-116.2
f697830f52a6a751ee9469385da12bf4,1,credit_card,3,-146.36
94aba2a37911fff127097b56d60fd1b5,1,credit_card,4,-278.19
94852b0703b31b852e6c4f73896aa247,1,credit_card,6,-315.73
d6b1ebeabc4c48c6b619228bc124a7db,1,credit_card,3,-204.78
cfcdaec7ddcaf0a8ff1ef398575d9917,1,credit_card,6,-166.23
e327b0b5a08cf398b21ebfd6a36b38c8,1,credit_card,1,-56.6
edf0c87086ae34eca8a6f72c8b31eeae,1,credit_card,2,-114.11
a56e37d8a5dac95d919eaff11259c597,1,credit_card,5,-155.5
6b7c8bd6aa5cfe7f791eb8caa3da1701,1,credit_card,2,-208.09
cd8658f10db66a4b712a7a0dce0d1bb5,1,credit_card,5,-56.5
e115da7a49ec2acf622e1f31da65cfb9,1,credit_card,6,-306.63
89ae9eea43fd5c68102875e05af1c2da,1,credit_card,3,-35.0
bc8040ec215e524e30722602d813a804,1,credit_card,6,-144.54
1f3508f1f78349b8223d5de8501b2518,1,credit_card,3,-67.36
6842899c332d7e8bac002e5de94ab24d,1,boleto,1,-168.2
a7ceb2c5f4181d15cd8566927f5180ae,1,credit_card,2,-135.0
9dcc4e7d4978e71c0c8c8562a72935fd,1,credit_card,1,-308.79
739d6562c43ddba4b4c1036113206abd,1,credit_card,18,-321.2
e210ce645469e7eb44209cb28f6bf097,1,credit_card,4,-107.95
511629b91fcfb73e2e7ee747102a9ffd,1,credit_card,3,-170.01
fde57015e8a551f04dac99621c01678b,1,credit_card,8,-398.26
178358411049ad27f877b8964564528a,2,voucher,1,-12.0
5ed3ad68a6b539929adf6d324f01ff01,1,credit_card,3,-382.14
422beef43d75298fcfe50fea1a6556d8,1,boleto,1,-335.31
d4de2f5093e11fecfa11da7ea4a09a21,1,boleto,1,-251.54
eb5ece07af1767cf4ef1f4a8eeed991a,1,boleto,1,-23.42
315ee1669de8cbcaca403bb9c0f2e228,1,credit_card,8,-215.27
075434afaadfb0809ecf3f095a372340,1,boleto,1,-52.33
84253562834802051b3ee018d7daecb4,1,credit_card,3,-36.69
379fed4a1ab7b5a3e8126fe0b76b9ebe,1,credit_card,1,-62.65
3c108bf0b4c9a78ebb9a049d90a9ceaf,1,boleto,1,-89.07
1f78837ac58fa81b2191c703d510080b,1,credit_card,2,-22.78
5f929df885d4393e05e934cb6c7a720f,1,credit_card,1,-41.13
b6eaedebebeb4676e1afd5b94b048d52,1,credit_card,5,-149.14
ac6e5268baf65f6d55e479e288bc67a6,1,credit_card,2,-130.24
57287b46dc0f2bbc56c73b239cbc425c,1,credit_card,1,-156.94
f8bb4d404d187c79b86ccf852dfa345e,1,credit_card,1,-24.27
e5db5ce380f52125b3748bf78fdc7971,1,credit_card,1,-50.89
56cdfcbf34dbccee2a6ee43ac8382ec1,1,credit_card,2,-95.21
bcfd2ea0ccf2b146eedf2384af0bf6ea,1,boleto,1,-53.72
94be3df49130338a06b3ec80bd606771,1,credit_card,1,-136.8
14a05c02d483800864e5c19a3a7f0ee2,1,debit_card,1,-124.22
ed77ae1d4803934a1131cadffb78b41b,1,credit_card,1,-672.72
dfd167dbbee0457152ea56ac9442f945,1,credit_card,3,-111.32
a7e71dd247a252f0f215e6230cdd5d1e,1,credit_card,1,-53.72
245a8cb9d360630691eb4449b1994017,1,credit_card,1,-68.05
84c6aab1664b33eb5607e118dc4bced8,1,credit_card,3,-57.3
e80af3d621fbc7add2b8a64511f1012b,1,credit_card,3,-36.69
486fed80178943ecdec90413036af979,2,voucher,1,-13.05
6c8fdc6f1b35e5126442a74c3bcc36d5,1,credit_card,8,-277.16
8dd735edc2d172d0d4124014f509258c,1,credit_card,2,-105.37
70af58ec6113d2f1bb7f6db857208687,1,credit_card,1,-36.27
f91dcb4d9c1f886ee0e187dba0de6828,1,credit_card,2,-101.0
6aaedd714ad6929fc4df8d51bd4cfe9a,1,credit_card,2,-50.12
36d80fa68ee43c6ee60518067a8d667b,1,boleto,1,-153.1
bfb88796b657bb5483be15669e9f3496,1,credit_card,3,-119.48
0997090fe6882d45c6a71660aaffaba2,1,credit_card,6,-71.53
cf1763a6cef94ae43c5fc1d02976d5a3,1,credit_card,7,-71.84
af4c2f98bd7bd3031e4e9f8db1b4e9db,1,boleto,1,-45.09
d889a8ab0342b0b548b78963f15aa195,1,credit_card,10,-744.18
c85289fdb95c9cf1cdd688af14513e33,1,boleto,1,-96.98
0fa05bb83efc10205ac8f4224f10c336,1,credit_card,3,-147.59
4069c489933782af79afcd3a0e4d693c,4,voucher,1,-9.83
2c85015afa7245242d2f751099dd70e0,1,credit_card,10,-321.78
502070fa8a16306454d031307381a7de,1,credit_card,1,-32.42
96304a015b3d99852d4e0e709a0adacb,1,credit_card,9,-780.16
3765df8b607992dccb4268b1e535c162,1,credit_card,6,-119.2
78567659a8ac9a5615f4dd5b70fd3ed0,1,credit_card,4,-93.19
5380e1df2075d96eee6f72be7d0a0b7e,1,credit_card,3,-124.76
83efbd53c99b70116995cf2c0bff3816,1,credit_card,1,-52.18
dfb6a56c471c1a04a0714eed6ce75de1,1,credit_card,4,-226.74
d385135903a04968ff911a2a1c7c9188,1,credit_card,2,-34.65
65e9a241667deddeffb1542389e94964,1,credit_card,1,-42.87
efade7725d5dfe59a8c281511cea69e2,1,credit_card,1,-111.84
55e1aea2308e1c019ef7ea60766c5f7c,1,credit_card,1,-27.96
93b4851a0e1121b652d1a222c342dc71,1,credit_card,8,-88.74
40dae50e569846342aff32ac4117375d,1,credit_card,2,-41.01
e29f9529525910e5629fdf7a2e569dbf,1,credit_card,10,-149.82
29a143cd68f669f10fd6d4a020eb7f38,1,credit_card,1,-130.21
2e8a59579f027832343436a97c22499b,1,boleto,1,-344.32
0c35d1433b7a71747b7bcddd12c40ff5,1,boleto,1,-102.96
114fade4f3b82f8b065771e1b3c0ae14,1,credit_card,5,-154.73
1d85312d372335db21f7f178c2325c6c,1,credit_card,6,-158.8
c62845da78b3e229cd5e0914607771e7,1,credit_card,4,-82.73
e2c5cdd2687cb2f0efe991ed155c8653,1,credit_card,5,-58.48
ff3d961f941d0784936dbe5da739575e,1,credit_card,2,-144.06
ba6a0a51f6852a4e562acc5feb6ca75e,1,debit_card,1,-40.27
f0bf41cba5c2794ccebd7ab9a6abc27d,1,credit_card,1,-48.62
08eef0ee40e395cb547563fc31ab1bd7,1,credit_card,5,-98.79
36b53be88597f8fc8af05d1a35c0dc45,1,credit_card,2,-106.1
a4163ebff79ff34a631c57d5350215ae,1,credit_card,10,-148.18
e009dde166ed889f54967499e49e3052,1,credit_card,10,-113.56
1c4b283e95602be28c975207016558f1,1,boleto,1,-37.83
3a554e98b0dc0cef33a8df6e1b687a04,1,credit_card,2,-126.8
ccb3dbd615aa85a6ee4e6002b025fd31,2,voucher,1,-29.6
615cc334a44e9fdc646ece2bd6de2c26,1,credit_card,1,-37.29
fbf9ac61453ac646ce8ad9783d7d0af6,1,boleto,1,-125.43
ae6b64ec83bef670aea816ed1fd2857b,1,boleto,1,-93.26
07bf5c685616f41e3e2ec06b6f5623ff,1,credit_card,1,-98.13
ec97666defb2e1fade6931649731f776,1,credit_card,1,-144.11
de969e85aeacf944aee95d69c327e582,1,boleto,1,-40.0
27f453b6858eb4711c97e65001f7c4aa,1,credit_card,4,-404.28
910be2c3ca6942b34613e11764c42e1c,1,boleto,1,-411.56
22caa724849d26dec4cd73ffc70bc133,1,credit_card,1,-83.55
adfb15b690df8a5aa4c327edfc6ea9f3,1,credit_card,2,-67.44
19003d20e39028b9587c8b6b5b26170e,1,boleto,1,-99.94
6ed2677778c1c83cac211c10199cb7a2,1,credit_card,1,-88.45
95f5c913e50f7b1edfe05e8a38ba88d4,1,credit_card,1,-96.62
2d62ae6267e4fadef5b636987094dd99,1,credit_card,7,-77.57
41202affb3415784c71821ffb3f95a40,1,credit_card,1,-58.71
b2a9f52374e167c4c512d27dcefe1d72,1,credit_card,8,-89.6
0eb6a12eb37ee53379b86cb351fc1139,1,credit_card,4,-72.85
f744a90daf064199b23ec905bcd31a97,1,credit_card,1,-104.7
d81b4394870364ad09c029cc7d9814a3,1,boleto,1,-31.77
6b7c51889439d1226b105ac94db9688d,1,credit_card,6,-153.1
4636fbfb5ecb1733a2b2cf4c931f695c,1,credit_card,6,-63.0
6490b668b6a0a9e14980564181095055,1,boleto,1,-31.0
0858c9b11272c041d6de2fdcdbc392f1,1,credit_card,3,-187.47
6b2f7dba402cf63ca207bbe2cc05ef67,1,credit_card,7,-71.01
e9d424615d8805614e254bf5c170bef8,1,voucher,1,-76.98
08c79f0b250cc3b309a69dcbd0debdc7,1,boleto,1,-118.1
04955e4e1efe5837c88f3d4311a94fe7,1,boleto,1,-59.36
141898361bb0d46d63ed9006323b19a9,1,credit_card,2,-172.45
5d52a189aad255c960953d7d5d1aa7dc,1,boleto,1,-467.36
de04c03e7fcd10f5d9ccee5584ebf84d,1,boleto,1,-535.97
421bb69fc426ab8530ef85399541a9ac,1,credit_card,10,-588.14
99d834a0bb72d31e3d0af9bcfe70f175,1,credit_card,4,-214.84
f47a19bfce7086d0e3ddfa0633d20035,1,voucher,1,-54.09
ea7dfe9f928b33cb2e9d8bc99dd7e0f3,1,credit_card,1,-25.33
508d8fa044fdaa4d8faff57a4e72e64a,1,credit_card,6,-230.37
1c0fd29e6a54b2331357d1cdc6ccc375,1,credit_card,2,-118.61
d186bb303793c5c807a392fbd08e88f6,1,credit_card,1,-39.21
07b79f0a3ce4734c9f80f8f932ffd4ab,1,credit_card,1,-198.73
7c49116d4145973db0932d0e6a18fe6c,1,credit_card,2,-49.64
17cc50afa3f8797f14bf500a65230845,1,credit_card,9,-98.9
8ee3616d5dd7807654cfa5658895cff9,1,boleto,1,-21.38
f8815360ba396d9d7cfa13aa2048041e,1,credit_card,7,-91.27
53ae2131bd6826cb604888a0f7574146,1,credit_card,6,-364.99
99d63f07f1159c807e4175e692a8a815,1,boleto,1,-93.54
cd44196e80474114b859765d62f12ddf,1,credit_card,9,-889.93
8c0d6c9f5d9beccd28f857ceb4ae162a,1,voucher,1,-120.9
c3d7d16efecadd7d1ef3ffb285dd8657,1,credit_card,1,-114.77
4013aca81e3b0b07dc5b15549beae602,1,credit_card,1,-90.18
2d5a437d439fb3aed1979b2e5f9f6b39,1,credit_card,2,-139.11
08f616b964002ad1bc12de1069f82edd,1,credit_card,1,-56.6
2a3a13617346c0fca6180bbf422d7542,1,credit_card,7,-169.09
d4af27263fce5b006a6818766ed90fc9,1,credit_card,8,-171.87
814449e266f5cbff53f6e336abd1dd5a,1,credit_card,3,-102.07
9bee2a0789ef47ce6515c171c803a285,1,credit_card,3,-195.46
0e708996976c68e134fee66107305c6a,1,boleto,1,-41.69
192fa3a13695ed2ce3bb341e3313d69d,1,credit_card,2,-147.15
df5f65d2dec68b07404b0aa6f09aee32,1,credit_card,1,-84.23
bea1416bda62c3b5fb9ecdad82621058,1,boleto,1,-130.25
346c0a181df97b0776f3d7d4a2cec70f,1,credit_card,1,-30.93
a79ea0bbaa6e8a7b2a2a793862c418a8,1,credit_card,4,-212.27
488e18847dc4c18696d2e992f89a7b8a,1,credit_card,1,-29.69
74016effecaa79d592487f6a4ee47d4b,1,credit_card,5,-56.96
ee116eb6355020a3addabb2a821ec818,1,credit_card,1,-50.65
cba655bc3c72fc26b4fe864f2ea5fe38,1,credit_card,1,-55.37
54cc33b4bf5fbb8a99d549b214e386af,1,credit_card,1,-46.75
81d4e3ab663ca6c51e659ad5b31457e7,1,boleto,1,-97.8
76ef0609633755e00097957236215e2d,1,credit_card,10,-1072.59
fba896b434960b7968da1f24e5fd1d01,1,credit_card,4,-247.61
56dff4484c68636969e851203694d13e,1,credit_card,5,-113.13
de96144dc55ce453b7dd9b5995a87c6a,1,credit_card,7,-75.82
58bdae413815114d8b8efa3df9cdf706,1,boleto,1,-48.15
3237b9aee8b9f159aab615eac7b4038b,1,boleto,1,-197.53
7b1cf9f880b0f7eba111c5342dd2fba9,1,credit_card,4,-105.28
5460a05579eef48f6c8d54ca6c3f2249,1,boleto,1,-249.79
2a6ec88bef2eb4c5e4716b26406ead0b,1,credit_card,1,-321.9
f4c9ae3260949e6ff7e337d1a722db4d,1,credit_card,1,-83.36
da6037ffff7c802ec858ebefb02ce949,1,credit_card,3,-167.72
7093b7177380b099eb92c2ab46c6f10e,1,credit_card,3,-157.28
3cda13d682be73f01bd057ed2a998c86,1,credit_card,1,-76.78
7db3c476a7eed0f931dfe7e69deeb54e,1,credit_card,4,-144.56
a387881ed6ea231b518106c07236e549,1,boleto,1,-51.15
6d0e8d2043b7575a0cbdbed259ce8210,1,credit_card,1,-50.34
43c49f2283bd15bffcc46ab6c049c312,1,credit_card,1,-115.81
b464ee1388a53045be479da40e2ac03b,1,credit_card,2,-28.22
60649d0d9e4157baeb059b34cf7d9b42,1,credit_card,2,-145.56
a63aa46986e22405b645515c2234cfb6,1,credit_card,2,-49.05
b30e8706285c15e74685d5e1c5c56366,1,credit_card,1,-40.01
7e5755dcda787dcc7269f1698d6372b7,1,credit_card,3,-96.8
dd787ad9c97e5504d6ea0bd294906902,1,credit_card,1,-58.57
e7b75dcb0795b77469ac7446ec900380,1,credit_card,4,-62.75
a9c323b00a97a60deb81c33473090eff,1,credit_card,3,-77.57
bcd05b48176dab8d00672b325de126de,1,credit_card,6,-170.43
2b3c116f4ae22a4b4a127c73d39f5d6e,1,credit_card,10,-148.15
090cb921c3319702919eabe80bc9f5ff,1,boleto,1,-38.22
5038751dab3b14db2b1423edc9e0397e,1,boleto,1,-247.1
f2006b46b9e70d59e442b6da97cd35fe,1,credit_card,2,-155.12
bb30c3299c36702316a4207b8acae69b,1,credit_card,3,-62.56
70a988768d7dcafd6284577743090bb3,1,boleto,1,-142.24
30244fa670103f1654f92667d446878f,1,credit_card,2,-122.29
ce82e57d70480ae9aa7bfad4a7c3392b,1,boleto,1,-43.42
5f155df0ff83df161b2b07e60de709e2,1,credit_card,5,-52.78
469693e7d8d566a64be410892965da82,1,credit_card,2,-133.06
6048965213d0e9e87381d8b78dc9f9fc,1,credit_card,3,-92.57
20f837a22a0326636f941c343fa912ed,1,credit_card,1,-8.95
d205a43c0e35aacecbf9e14c272c7d20,1,credit_card,1,-27.79
87049d4b9b8517e7f78b3724f698c4a1,1,credit_card,1,-78.09
e29da678b1634c56e518d57a3354fbaf,1,credit_card,2,-101.06
dc2c80fa5a4e2aa29182d399748d548b,1,boleto,1,-44.02
b33c9bb2caa1d2b9f219b70f6dba7dce,1,boleto,1,-110.33
19cfffc221208eb22b66057b2afe98f9,1,credit_card,1,-37.9
c2deaee5e0fe626293e81bcfb557932e,1,boleto,1,-65.38
db2b52fdedf34f34c6569ed5cd692c81,1,credit_card,1,-62.39
ebb5b8275a6a365d1243d225386bf299,1,credit_card,1,-61.88
5ec8127f0e7abadc5ee625f266ee0742,2,credit_card,1,-6.88
cec3185bcfe3a9c60e73df2ae9bfa4ac,1,credit_card,1,-21.07
b23878b3e8eb4d25a158f57d96331b18,2,voucher,1,-122.79
6eda86a0f1499199eed71198fbb0e243,1,credit_card,1,-55.0
5e37bd369f48eb8220fb2d3460f74833,1,voucher,1,-46.0
b7a0ea17f1dbc85ecfa3dd355610d472,1,credit_card,2,-214.41
5f834cc4ee109c58dff88c60b8ba5ecf,1,credit_card,1,-96.23
6d2deca91b22bd2e7fcccd13c8dc73f4,1,credit_card,3,-77.86
89331d59a40d00a147e107abe6fd9778,1,credit_card,1,-13.04
b54c7973502fa2cdd1b75c993dd98029,1,credit_card,3,-142.28
2c1c4a8d435d8080c8e01dae4d7a5af3,1,credit_card,5,-65.53
10b2031a821c35b0cf0c9ff505eaa456,1,credit_card,1,-213.55
f45d4aa8bc99c39436fe3636932ea53f,2,voucher,1,-174.39
9b1d71b20edcf15ab15e0bb4a932f23f,1,credit_card,1,-95.31
b8f7f9df1e5bf679e78dbf66146a39e3,1,boleto,1,-100.25
94efce41dfeea273248d6b60b98fdf71,1,credit_card,6,-148.73
ee5c259515ecb317e1e70dc9e84fdab4,1,boleto,1,-66.08
985dbac2172bbf6b32bcca35da50d7a0,4,voucher,1,-20.0
6b092965cc5bcd955107ed81c1acd489,1,credit_card,3,-226.26
ace9d4710c4e590edd2f5d7d09db4950,1,credit_card,5,-248.84
9df4de8d3f1b15175f64dcfce276ee9b,1,credit_card,10,-577.94
ec082d3ffd103096f9274b6247217ff9,1,boleto,1,-232.81
8cccd50efb50c504ad366e97a278355f,1,credit_card,1,-57.25
4479256715e46f9c6ec0402a14889a5b,1,boleto,1,-72.28
d90d49263be4b2c4af68184313640fa6,1,credit_card,1,-33.09
228f12f010b1363cba76e442bd378e53,1,boleto,1,-35.42
dde867f83e689b0167785b684ab311cd,1,credit_card,6,-65.4
45415297b8a47870774692ea63d6f248,1,credit_card,1,-49.59
79703330f9510623f0ef157d661011c5,1,credit_card,3,-31.75
f912318b97b5cc776cbcd05bc2b4dee5,1,credit_card,1,-62.11
8293af079b19a6349d758b3c16ecd6dc,1,credit_card,1,-28.09
20469319e0bed934658208f7bf3015ee,1,credit_card,6,-168.36
06e93d3bf0469b969d3eb95a8d55d68f,1,credit_card,4,-124.62
f6a07e6a18874c03db78033d90a50648,1,credit_card,1,-84.33
137e9582e80ce34b3205c7cc8466ec29,1,boleto,1,-46.04
8ed5de57cd5a8f586bf53161d135fbc3,1,boleto,1,-169.53
592002a073871b88f530ca875a3b8cd6,1,boleto,1,-57.72
6e77a2014a79bc522ba00419725a3bcc,1,credit_card,3,-296.51
448645ea240ea7aa0dcc61d2cad9eb5d,1,credit_card,1,-101.07
8fe9a4962c46faa2c658095c6f74acf8,1,credit_card,1,-26.09
3e6bf80e5361b0fd113b9185bf09d8d0,1,credit_card,1,-55.0
51f06300798e14c37af5f5ea107db194,1,credit_card,1,-88.91
47999a7490ff2905f7ca3da2edcc9c52,1,credit_card,4,-133.75
7fc65542211bac2f7c30c30f3e6916ae,1,credit_card,1,-57.64
edafb5849135e41d30dcb51fbaa78014,1,credit_card,6,-71.13
2d57b1f21a3ec32c23b4d6e95870e4a7,1,credit_card,4,-2032.04
4ab99aa84c8140d406cbdf001bf1bbd6,1,credit_card,1,-23.78
785f211a578f2b593e6ecaa4db29fdfb,1,credit_card,5,-382.27
d0570bed0cef820342eaf13ccae334c0,1,credit_card,1,-82.73
c184e6099cefcb115ecad127cf774705,1,credit_card,10,-224.78
876e774339918c3047914ce3a4180489,1,credit_card,1,-69.9
7975bad6e2c65b59ab15b7152c94c63d,1,credit_card,10,-264.16
63ed630173e589bf5897cc6eca5aa66d,1,credit_card,3,-147.98
e956922814f88f0d713f466cf03dace0,1,boleto,1,-127.92
0e6f7fb47bffbb13f0c144a12443e5a7,1,credit_card,1,-16.43
b2ac7b0754b724547abf07a172a45bf4,1,credit_card,6,-92.76
bb514bb949fb3d4837436e4df906cf5e,1,credit_card,2,-134.05
935560928e5f091092de5aecfbf28876,1,credit_card,1,-1.74
ba05479675b661ae63c431bcae09728e,1,credit_card,5,-97.09
58fbaad9a29e6929f8e0281886302d8b,1,credit_card,3,-62.65
b2487e261162c0d9162eab45862d42a0,1,debit_card,1,-148.23
28ba5952fc9baba1dc6797734ca82680,1,boleto,1,-37.13
8adc7186d6a1385039f0717a994aaae6,1,credit_card,2,-131.25
1be578faaacbe5ff9885364c415d4763,1,credit_card,3,-113.45
1e2e1541db9d4266715ce7360f75ba93,1,credit_card,1,-275.21
d858299446e4d2e4a686d1dcf9a93359,1,credit_card,12,-654.41
3ac2186857e6d4f16167df65af939568,1,credit_card,5,-59.61
f2a4c561299677eece6ced2539757ef8,1,boleto,1,-116.36
afb61112fb99b07fe17e591c68c0c84c,1,voucher,1,-2266.61
3acfefca1b7d510f944c782689681753,1,credit_card,6,-313.93
c3eb293fd154223498b6551a728203e8,1,credit_card,6,-328.3
f84c59e73e295a051c0dbd03c3f1216b,1,credit_card,4,-92.87
7c3e480eb90c173aae4ffde40bbaec26,1,boleto,1,-142.57
1c0a7a0c422473ac09e61c7def41bb0d,1,credit_card,1,-207.42
341ec2709ac1eea8f492c24d31a06942,1,boleto,1,-58.28
df2d910b8b5e5f461f67043489f9569d,1,credit_card,1,-51.61
404c1f64c8d08abf1e626365c95b2384,1,credit_card,5,-298.92
a814c3bac8cee558887d1cd73a0696a0,1,credit_card,1,-27.4
af6e14687f41b409fdde4f1998ec6e8d,1,credit_card,4,-42.61
631d1fbe8db293dd7ad93b6cdae940f6,1,credit_card,6,-332.46
160325be3833553d6a8155785eb1e7e9,1,credit_card,1,-37.58
43879d5f6ffdb1c8f3a9c4a4f2ffe548,1,credit_card,10,-644.54
fbe0c9de23b755ebf9b74e6954f927a8,1,credit_card,5,-103.55
359d387a5354eedce6105f09097195d2,1,credit_card,8,-141.53
4a23fbea65fe9c7d1163141340436ca0,1,credit_card,5,-265.9
ef041ca26484a13a31e77758edcf34c5,1,credit_card,1,-62.91
82232df364f1356b3d4dc9bc5f855ebb,1,credit_card,1,-55.22
d30523a4766e8ea7e59ce35203bb73e4,1,credit_card,3,-35.68
9ff8294af4730928d432cd048756c28c,1,credit_card,6,-89.46
c1773baeca3e466698f90611606eadeb,1,credit_card,1,-66.67
0754d33c0d259d6851e811948048324a,1,credit_card,2,-123.07
2b75e42293f156e0750722d1bb658389,1,credit_card,4,-111.66
073180167c8aee312e8be08892989244,1,boleto,1,-23.29
0f4a2c067346862463f78a1ca0e4e43b,1,credit_card,7,-165.8
6b17276ebb8c2bcae9b571b0f68d787c,1,debit_card,1,-46.01
46d7f4b6bd94be776c180799b944fa43,1,credit_card,3,-163.97
dd674328887ef6d0b5b56c06c29c594b,1,boleto,1,-69.33
6fc77fe0941b9747d5cc3deae6025a4e,1,credit_card,1,-38.63
3d69b8fb75425d68773abee98e5217da,1,credit_card,2,-42.51
13e3d20c254d6f982d8a1a1f57d74268,1,credit_card,3,-39.78
9f6792a082a71398109a94b8039d3c07,1,credit_card,4,-292.28
663d6f01237b7d9d1257bd3ce460af4b,1,boleto,1,-163.9
d396cdbf2645bb1ea08108de01ef308a,1,credit_card,3,-70.14
63252822ecaf7648b1528bf6b64fd25d,1,credit_card,1,-77.16
24ad06b906180974c449ff61e10cc618,1,credit_card,1,-143.67
7830b4558355121b3b0703913ad9d100,1,credit_card,1,-69.93
c833391c20c67e486071538365c1edae,1,credit_card,1,-21.17
c330b70c5e60bf56e90ebe09e045f79e,1,boleto,1,-334.45
09f7918cf38caeef665ddea1a74a6a5c,1,boleto,1,-31.75
f751ec155a1b03010e9ab382099e3d66,1,credit_card,5,-765.8
0f127f53a526c20902f9966a2a38846f,1,boleto,1,-47.0
d4ecf069cf056cbde7553bbd394cb753,1,boleto,1,-56.44
81284ce76107a0034192e8eda2129993,1,credit_card,3,-91.19
47689e1278494cce8946914ea3a7ccab,1,credit_card,3,-108.51
fdc88692da135d28b85f197ab75a1a53,1,credit_card,1,-48.22
237f43cab0bd638f4fd760618fde8246,1,credit_card,2,-111.03
91501d5292dbe67f25d3c8867cd67f44,1,credit_card,2,-34.1
7969425ee9683fa972ac9783b66817fe,1,credit_card,2,-49.33
a93e58aa5de1eb22f8b27f0a45c0f15d,1,credit_card,1,-74.77
5691108060e2d41f29c317bb5f4d70ab,1,credit_card,1,-138.6
db21eaa63f7c06553ad9d2d4f25e41d4,1,boleto,1,-82.83
5e503e04fb4ac991c961ba04464043ef,1,credit_card,1,-335.09
d53bb1636622626b300d199956668dcd,1,voucher,1,-122.35
b143aeb37a4d82ae652c5c4ba8461411,1,credit_card,3,-1424.45
f6bc8c7b31f02638a377f399f2bd201f,1,credit_card,10,-130.84
65dfd5eb6f5db48fcf9b5e4f5c8f1391,1,credit_card,1,-196.72
7049ca1ff975d9decf0802e3cb983e40,1,credit_card,1,-84.32
e695c369ebd0ccf83008a14e42167d2b,1,boleto,1,-95.5
be00592915ef8e320b1604f87cb91239,1,boleto,1,-165.18
92ba7c89244ceee45a169b86da9fcada,1,credit_card,1,-96.43
4380a7440c4b9d8e47eed3703ea3a6d3,1,voucher,1,-50.0
d5b98f30a5e1df17359cc0588f14b5ae,1,boleto,1,-55.36
d2621293a99afa3b92948bc9c9121c8e,1,boleto,1,-105.28
a3a38cd51c4d299f206bc73c6daaf2b9,1,credit_card,7,-220.0
bfb50f94da6d285b05b43043e97507be,1,debit_card,1,-38.13
27caeec16809f9eba603825998e884a0,1,credit_card,3,-141.65
74f04ddd0bd65a396c7210db1e0d1259,1,credit_card,1,-32.49
50cd705ea531362cb179d7fbf877344c,1,boleto,1,-89.02
a03bcd3a3d6e8009b9253928c9db4d4f,1,credit_card,4,-105.71
f148421b496a9c495b4f11e96b05f424,1,credit_card,2,-201.98
caec6ec3266608cf43f2abc14334a25f,1,credit_card,1,-31.28
2777dd73cc83e92e814ebb6126f236d4,1,credit_card,4,-42.12
6a98ed4567b5d3044bd9f1cdfcce5eab,1,credit_card,1,-55.0
5128c20bdff8d882354c66e58d3e1d92,1,credit_card,6,-235.28
bd53ed1dfe68bf904e131929022d8731,1,credit_card,1,-78.38
0ca1bac7f133e0eced641bff853f52ea,1,boleto,1,-61.0
b8e17df0f313ac216d29c0683a83b992,1,credit_card,4,-118.17
d929b9d4328102a95137287cab157512,1,boleto,1,-51.69
0e2d7ec6702478f04fd7b14b55b906b0,1,boleto,1,-155.84
654da57158d96035814657b5143bb11b,4,voucher,1,-22.4
644277f39a503fafc78f569629d1a9e4,1,boleto,1,-139.61
4971e25e83d731df760b10a30fc6db6b,1,credit_card,4,-99.22
06c31507077733735c9c4593fec6e386,1,credit_card,1,-94.3
74040cd9562ffaf774035a7eeb2c6327,1,credit_card,1,-260.92
8b9995cb757e53af93a0bcd17011a3bd,1,credit_card,1,-63.62
01156b662f3f47b249b5a8881d205f08,1,credit_card,1,-43.0
0d800c3800fa49e84cbcbd26b1dcd510,1,credit_card,3,-247.85
55b8090225e782a06895d20d302d5630,1,debit_card,1,-57.29
5ea864dc83713a8c9909dcd573d411fc,1,boleto,1,-95.57
ca30221c79e8dbd7ece2df810c1969fd,1,boleto,1,-135.08
31b639279dcb50e0d972f6543481e2e0,1,credit_card,3,-145.48
ae9e63d9e351f66eb5f9032397bcddfd,5,voucher,1,-16.25
7344a05173d4e1ad58c9a7501132c3d4,1,credit_card,8,-87.71
3b773756d8fc59a7cd1a0c4ac584e397,1,credit_card,10,-188.96
3465fd888b10f6955d53af353b72452b,1,voucher,1,-206.5
0921c97280957af14f02d430cac48a5c,1,boleto,1,-130.56
dd243f2ee1552c0153cca5488479d421,1,credit_card,1,-126.64
1acdd343f32412c986586a4f0c828460,1,credit_card,4,-107.78
c93dc4b4b4fee08f6cf1f6dba6c7c8dd,1,boleto,1,-21.75
2de291f751850e8d254b73ddae39bb91,1,credit_card,2,-64.09
63001e1c2d2bbc51ed386b4830c757c8,1,credit_card,1,-30.7
746347ecc5cc9cb88a346545608fb635,1,credit_card,1,-49.76
9fcf522f6dca92c093d4607780d01a74,1,credit_card,3,-159.71
a992886b2689bf77a10ee24fb661d3c8,1,credit_card,3,-155.25
94fdc3eaf8fde842c5e9caf6e0b82d11,1,credit_card,10,-101.41
f9270cd5daeb42a656ce750937664ae7,1,boleto,1,-52.39
886dd09169ed29010eb71d9faed92259,1,boleto,1,-123.67
8be3f8cf0b9c0840f7fc2d6dcd6b9570,1,credit_card,7,-192.69
9ae3c6624deb5b341037717c96283994,1,credit_card,3,-201.96
dad3424b01751c6e21da6a7351174ca0,3,voucher,1,-5.35
fcbd9f7c8203db7648e20538075ee96f,1,credit_card,3,-252.38
8891d9a0e471cfce188b5ba26ab4deb3,1,credit_card,1,-96.1
6c11e4c7d9e5f7769c8090475602f54e,1,credit_card,1,-88.71
1836d4c5e6632d43138fd0b963d2868a,1,boleto,1,-56.13
03ab852861cd75d0a9225c92a3354a3a,1,credit_card,6,-123.06
e97842d8eba41c516082ed8f5c1292cb,1,credit_card,3,-64.09
517e0a52c193102990befc46a5c5245a,1,credit_card,7,-91.16
2f8eea85236019981baf4408c9123ff2,1,credit_card,2,-105.85
8ac6c055babd36dbe48009daf04f005c,1,credit_card,4,-90.88
bd50a7fe9fd97ea4b7663031a319e150,1,credit_card,1,-19.62
9bb64540c8b861abd76559cbf18a9230,1,credit_card,3,-117.85
aa92db44dee25eaf72133833ce253f92,1,credit_card,5,-122.15
1eccd8d84c7f560cd79c788b091d42a7,1,credit_card,5,-56.85
121766cf55ce1689e216b6d3c4e95c72,1,credit_card,3,-98.14
7dd3168bde7bc0b9b26ffbcb40ff9150,1,credit_card,5,-106.78
4dee2a3e6470bab984859192120d6e3e,1,credit_card,2,-98.97
8e3aafa608957bdc2ddb74b7d9a7a559,1,credit_card,2,-118.99
66c14b06bc8003888862ecf57985bbaf,1,credit_card,6,-160.89
2ac8b5ea56aeef62ecdcdc509cb1efaf,1,credit_card,3,-35.09
86aa6c78e87b42b8e66d9d6a368bc846,1,credit_card,3,-53.24
b29e21660ec21d241b0b2fdb161bf7d8,1,boleto,1,-86.64
fd54537438233bc798bd3fdac32bcfd9,1,credit_card,1,-154.02
e01ddf23188e7eb714114d4ac5e8952b,1,boleto,1,-194.46
70009c6d985dfa16754461cff33c10dc,1,credit_card,3,-35.74
6ea1fb8b83a7703077033993d1bdc5fc,1,credit_card,2,-51.84
e9b44c3b09fed11135323660e10e73ae,1,credit_card,2,-141.32
70263b76209f24d8b55c928b82f19afa,1,credit_card,1,-75.07
d2ce3fa6247aeec43a75906e36600045,1,credit_card,7,-147.24
935560928e5f091092de5aecfbf28876,2,voucher,1,-46.48
9f3df5bfd4a69a1bf384e85aba1d0ca7,1,credit_card,2,-356.1
18bf036204cea32b152a8e2a2f2bab40,1,credit_card,3,-147.59
2fe96ee292d9f7a92740785a276d2de1,1,credit_card,3,-196.01
135cf1fc795c1f5d5bde462f3bc10c40,1,credit_card,3,-75.4
9f47d2a87f425d871b3dafe4bc377b01,1,boleto,1,-120.52
53036d8a739a905871d7f0096fa3b339,1,credit_card,10,-160.46
264a7e199467906c0727394df82d1a6a,1,credit_card,8,-1388.3
f53432b147736e0b2c2ee32ba00709c6,1,credit_card,5,-109.91
191bb83e4a502bb51e6dd4d229082939,1,boleto,1,-98.23
61782adcbc7367ccf0c14043586c9495,1,credit_card,9,-125.8
63c97617b533cbeb9d57b0f1e8d88adb,1,credit_card,1,-113.0
3f98a80c882c8294f35d35a4667490c4,1,credit_card,2,-69.37
e32ebf133fb19cafd04315ff6d108047,2,voucher,1,-73.9
688c85d1e56b382a67c05b5807521e92,1,boleto,1,-169.76
1ac4c8f4bb93ff8b5f87ff821298a59b,1,boleto,1,-70.9
7efcc78e753fc4f4bf1a4c52af34eeb9,1,credit_card,2,-157.91
629af6001c311533699b7c3a91557aa8,1,debit_card,1,-79.58
28c723236c59abdde8cca758e1afd07a,1,credit_card,8,-149.38
7ed96ba7a198e5f00ff7c88f85ee2c17,1,credit_card,5,-257.19
0505a29e827a4c609b3fd250c0313bef,1,boleto,1,-142.66
7e68991a1a850b61d2a20fd75f462397,1,credit_card,2,-63.22
6064862631581009b8eb676bc264d91f,4,voucher,1,-31.47
4dae17135a98e9bd142551fd799f7b0f,1,credit_card,3,-126.48
38aa97b92f4bf145ebb05ef8fac968ce,1,credit_card,1,-59.18
3c8fd86bafb15fa121edab25b6f8c096,1,credit_card,5,-258.41
c42c73fa91d5ba2298312db542e280b6,1,boleto,1,-68.71
07860da7c16265a28de8c2b2e9f4552b,1,credit_card,1,-87.77
c142c7ab64bc271555af4edbff4d53b8,1,credit_card,5,-274.24
cf71b9b6b7ed12d72f541b0420023f19,1,boleto,1,-90.93
e21677585042e206b003e3d9766064e0,1,credit_card,9,-95.21
8adb87b0bb81da96d28e6cfaa033a40d,1,credit_card,1,-89.17
61fa17b757ab7e6e7900e8ea76786e0d,3,voucher,1,-59.78
450b307a6465207415ab38df48d94073,1,credit_card,1,-68.01
b58cbfb87064005d62cb9fccbc720966,1,credit_card,8,-100.14
eed0820e183311e6ae0d016436318b19,1,credit_card,5,-200.16
6ad8c6d48181888c8e70e7d65b0508d7,1,credit_card,3,-161.9
b3f296816426c556cdf428974ffa9543,1,credit_card,2,-158.71
b7a13b515d99de69fe4db49507b7c1ec,1,credit_card,2,-105.66
aea5a3457f531f97bc2b4a7cccbc1275,1,credit_card,2,-125.93
03c6fd082fce47bdd5e0dc1f81a9626f,1,credit_card,3,-98.34
efe568f189941fe81ac5ca271f4d2943,1,credit_card,2,-104.08
0933defa4766a375397a4b9c9eaec017,1,credit_card,1,-102.35
824417a658c64fabf08b55e981b184fe,1,credit_card,1,-62.5
9885fff91f7c807525f8320e5292a3db,1,boleto,1,-156.67
ddc7c19ba9ea65183373ed66beabe356,1,credit_card,3,-38.14
417e44a3df3ce085aeafc1976354af8e,1,boleto,1,-73.2
f379762648ae96c1d04844ca3308df86,1,credit_card,7,-101.25
9da2b22e3f25c8310d5e5c36084a97ea,1,credit_card,3,-145.22
a61bafa3b59313a79ecd7be1ca2a2477,1,credit_card,6,-277.08
69eda667e556fbf004a1c26468e91d35,1,credit_card,4,-56.5
f2c78ae8a51c7fdd3c3f786f6dc49a6c,1,boleto,1,-31.72
5e3deee52f0090069220e1b64e531dee,1,credit_card,1,-162.63
a4696d525de3823f56b75195dce92da5,1,credit_card,2,-58.6
f75af398a39ffa0d9488c740a4b259cb,1,credit_card,3,-214.59
5cebddc9f18e00d1cdbc79c8b456a0d1,1,credit_card,1,-181.6
99316aecfb3e31190e43714f7643a49b,1,credit_card,1,-52.78
eb24356203f63304c71d81f2c841a02a,1,credit_card,3,-84.52
1a78873aa81c079a98bd58e77ea6a5aa,1,credit_card,4,-41.84
f809dbd06c5d2816ae17cae070339ed6,1,credit_card,8,-355.03
85a539b344a1fc574ec18a1196acfb75,1,credit_card,10,-105.38
31a606477f15f8ff5f8417bb46f83a5e,1,boleto,1,-49.96
0339c36ce09427390de0dfe649d7e073,1,credit_card,1,-132.05
fa0705d5bfc72c07badff6fcffd697f6,1,credit_card,1,-104.85
40af1ae902bbec62efba703b0fc0e8ea,1,credit_card,10,-227.27
bcdac90f7e0226cd65358da9bc6ead9a,1,boleto,1,-69.73
ac6744e4410acdd7696dbc6bb6eca10c,1,credit_card,5,-118.35
93bd79ce4cbbcddae2963fd0c72d8f2b,1,credit_card,10,-125.43
c55c37eaba6a4d19a6465b0c467010a8,1,boleto,1,-322.56
fbcf01552e675bbadc8d4091206f76f5,1,credit_card,2,-68.13
b414a769783b3ab82e49f4113c0edaae,1,credit_card,1,-17.6
c09dc7da8af0513857f422dcf06a46ae,1,boleto,1,-372.06
ade8acb24d7c09d93b8d4e9837309c05,1,credit_card,2,-76.95
eba5d5c86dc17ef81926ce3e339da945,1,credit_card,2,-250.26
7af96e4998e17a87ca43a79b93e112c9,1,credit_card,1,-37.74
67d83bd36ec2c7fb557742fb58837659,8,voucher,1,-8.0
4d3889f52fc68c6517bc1c164c35ae49,1,boleto,1,-112.42
2f31ce5a220e0b97b2d1922c86bbbb66,1,credit_card,1,-95.55
9b18393baecb1432441d81ce51e14fbf,1,credit_card,2,-73.66
5daa464e9f725bd3b82a90c3a33804a9,1,boleto,1,-25.27
d9956b0805e324db3f2a546ef216c10b,1,credit_card,10,-3126.5
87ef9c6a3db3017348305df0c36ba7e8,1,boleto,1,-58.11
c0bc6e5c9ad833c1a7a566871b33c938,2,voucher,1,-32.19
b6fa6ea37aeeb90c905eb2a488fc5dc5,1,boleto,1,-100.91
5685bb72678077930e5c1f790e2995c5,1,credit_card,1,-75.07
acb5e6e3b0509b7c723191b53fb9c949,1,credit_card,2,-54.09
f56822cb69b5f9cb9f0737b59b0f0f1a,1,credit_card,4,-131.61
072a8923b88a4247c16f4c0bca2f3177,1,boleto,1,-37.27
9c14756d0113f66be55ca07456df3393,2,voucher,1,-71.67
4baefe0b13c215e6417751ad5121469d,1,credit_card,10,-512.88
8b57c0e23a2516e0b9a5259c83fc0883,1,credit_card,8,-156.73
42cba4864b46e647175a24df49b1426a,1,boleto,1,-154.18
4a6779a79e8397160e34e7e005321200,1,boleto,1,-230.0
25c67de908372a479b4e6fffa2caa7e5,1,boleto,1,-88.16
68101694e5c5dc7330c91e1bbc36214f,1,credit_card,10,-4175.26
3dc4c0506f878aebd3490dc72c1e77e2,1,credit_card,1,-39.24
eb4d305848989350701a75e1cb3c0a93,1,credit_card,1,-74.94
8c942d6d0cb6781e00df7a3fafc8ef86,1,credit_card,3,-102.88
1098a8cc6b7514f599126c5f27706dc5,1,credit_card,6,-61.05
29d2d0b5d721da94d080b50f1b039e0a,1,credit_card,3,-213.75
9c893d6ab03661d6f07382306b4de688,1,credit_card,10,-113.8
f76f64ce61b3764c70b30ee618b71fba,1,credit_card,3,-87.7
4e1fb96e2f63c315a9ca0c11d9254ada,1,credit_card,5,-721.74
b69757ea131affc405c02bb3b04e9a69,1,credit_card,5,-111.15
1bdd4c66aa68cf72d2fc25b9f9e4bb48,1,boleto,1,-42.09
81f8f469c9ebd7916d4d35d7b379127c,1,credit_card,1,-5.13
cbe59472268ccc3ada89c57c85b2c41d,1,credit_card,3,-68.83
b760d6b613bc2bca107e3c852501e649,1,credit_card,4,-946.9
8d812dbf931bbd85b3b5b528b75ef9bb,1,credit_card,2,-124.02
5d4f5212371724259b175c9e1a1064fc,1,credit_card,3,-66.74
d4de6d0debe2df72c4ccf399d9a7acaf,1,boleto,1,-130.46
ffdd767d77c3322d78b286b6e8ecaf15,1,credit_card,2,-62.91
8827d3e138a6edf9b81dbde93443d285,1,credit_card,1,-34.52
00010242fe8c5a6d1ba2dd792cb16214,1,credit_card,2,-72.19
ff73e2e57b5c7d3a1aa7c3ccaacafaa6,1,boleto,1,-180.25
89a05ddfc0652c91d7fb671794757d3d,1,credit_card,1,-96.48
675a6fde0b4a8f78243d9ca2ec8be1be,1,credit_card,1,-135.6
cd44314b084629fc21d3a0dca3147f7d,1,credit_card,10,-465.27
903059e61d9226af06bdc3822f06d9d6,1,credit_card,2,-87.64
32b699ecc034c52511737f616e721bc0,1,credit_card,6,-296.38
405fcf4896f700072195eae96311134c,1,credit_card,1,-25.86
37267e648017fb381fd8e43ac35fabb9,1,credit_card,4,-243.95
f098544578493ec57893c9030f6d0d45,1,credit_card,8,-148.13
334c65aeb7365a6d5acee2e43ab3b2d2,1,credit_card,1,-192.26
3660e114692157e805cdd9f04e83d9e9,1,credit_card,3,-97.44
38c1e3d4ed6a13cd0cf612d4c09766e9,1,credit_card,2,-188.94
58ba43739da75a7d57d464e2adedb4e7,1,credit_card,2,-141.82
ad7bbcbf26e12680c3f6a5f273235f11,1,credit_card,3,-179.72
34334129c5fc3f38fec577b122930761,1,credit_card,1,-188.66
f70fd9d62d604dd8ac70938c59b6a93d,1,credit_card,4,-406.49
8ddd6fc19a466ec0847fec42d69824c6,1,credit_card,10,-2153.35
7fc7535937ccf9f5b27d59d19c0ae9ee,1,boleto,1,-469.78
242efbf997dcc144609030002b91446e,1,credit_card,9,-99.94
d37222a038dff3570139ecf1b452dd3d,1,boleto,1,-101.02
c59691ad2976778e15003aefa6dafaed,1,credit_card,3,-299.18
a113213b73eab23b8cc9744a43f7f65c,1,boleto,1,-34.84
1c01393da2894cbd6b7225c45425ebf2,1,credit_card,1,-83.99
05fb9a42b233b4fb63dcaec6fac364a1,1,credit_card,1,-65.6
fff1e3e76b816bfe8ef16678cc53c643,1,credit_card,7,-86.85
7123f52d364ee0592e24743d2714f05d,1,credit_card,1,-301.65
c4d4197abeec6caeaef01372a05ff714,1,boleto,1,-340.28
acce194856392f074dbf9dada14d8d82,1,credit_card,10,-227.68
dd80556200c2f712cc6d048888451267,1,credit_card,5,-373.98
cfa958d86da20feefa27e64a6b6407df,1,credit_card,3,-132.39
62ba0592ed1ceb90f1f417ef4c3be1d2,1,credit_card,2,-103.91
747f604b7af55628b51cec5d2d80c779,1,credit_card,5,-60.09
18530f1c685d2cb6b271cba538274056,1,credit_card,4,-206.84
47d160e3b388f73aa2dfad3c508f4ca3,1,credit_card,2,-162.9
8563ba5846a265d99db932d71e8f5b8c,1,boleto,1,-186.85
623125bebed45c5fb349862e0913dcf7,1,credit_card,1,-69.78
3c843728a555b7e433f4a128b82d6740,1,credit_card,3,-156.19
1afbdc6ed9143871e5b8be14ce2762e0,1,credit_card,6,-710.48
ccc1762fa4bea334f80983e3f3a933b6,8,voucher,1,-3.88
7366deb07205707fdfa5b33582d4269e,1,credit_card,2,-23.9
0a8758ec6f399b52f2ecb7b1a0c4c16c,1,credit_card,3,-66.67
20e8b3dbc61b2396969ef5c3d02773d3,1,credit_card,1,-69.16
f9924bb345cacfbf0fda3cca1dfffcd8,1,boleto,1,-202.16
4c520618a0cc5957cd116b12a553770d,1,credit_card,2,-74.03
3aa9ae345c5bf7396e8b237717c470cf,1,credit_card,1,-150.22
e88f99d9e433a6a8968b38b7dd55b080,1,credit_card,1,-28.09
cc2fbd0261b53beb38cfd06e5a482bdc,1,credit_card,10,-391.73
4de19bb1b286e84a06c1d2eb2954b222,1,boleto,1,-43.13
f69fdefb076eab898275116d3af13742,1,credit_card,1,-38.01
55d18e6e778d8bbc28aff36ab14104ba,1,credit_card,6,-61.77
f0950a8d82cf4cec34b8eab654139dad,1,credit_card,1,-29.47
69b0be01136104a7de9c37d9f0a69c32,1,credit_card,1,-52.47
3689526fafad22de181f6e9230bb4d49,1,credit_card,7,-70.06
a1ad76f125118edcc2ba7035e9a59c7c,1,credit_card,1,-269.4
818682a31ca442be80d20a2ae4330156,1,credit_card,1,-31.22
b56c143bc1ca0cee7345b354671f1e2d,1,credit_card,7,-1094.37
c00634be8f1613b3019605c2cc96d06b,1,credit_card,1,-210.61
c93b7187ba63d7094c9ca0ad7c094f0c,1,boleto,1,-57.5
94ffe890849e36497cc049800e759c0e,1,credit_card,3,-40.18
99c33bf1ceb89684e74a6438a277eef0,1,credit_card,7,-71.1
5d932f2c9933e832f4a37999ccd03baa,1,credit_card,3,-96.7
d03d538e1d175455ecad99c3d0ff007f,1,credit_card,3,-218.16
d07c50c53231a42008862d777b261ff2,1,credit_card,2,-83.15
6c199b299fb721a27ece7358cf2be1da,1,credit_card,1,-156.64
7663c1a8c96ea5b2f5a3554241ce9711,1,credit_card,2,-52.85
36e954e851bc552fe31416b9cb10afd9,1,credit_card,4,-76.56
48d2c84bcaaa40dfb9f0cf5edcb614f8,1,voucher,1,-506.98
4f940e976473a0facd3c6def01f9fc19,1,credit_card,8,-349.53
32ef0e6f75975bbd710fb93a083fd58f,1,credit_card,1,-83.23
2cedacf09b697a584a5078a5002c7d5d,1,credit_card,1,-35.84
06d614f169d6f1a04c85b382d4bd462c,1,credit_card,10,-374.42
c72888e51a36defb7b5d49201fcbccf7,2,voucher,1,-100.0
0aeb3ec8a78414261730773ddc9d2f7a,1,credit_card,1,-67.36
3c35a673012104c0ceb001325c00bff4,1,boleto,1,-66.6
260e68b2fc1a2d642a00af60af19b0aa,1,boleto,1,-136.06
ab2689fb3d9f1cf323c75b49d6a393e8,1,credit_card,10,-145.76
6498d67586b0908cad595ae0c3638205,1,credit_card,4,-83.54
82962a8abf46b030308d707aff1a7f35,1,credit_card,6,-121.79
bfdc35e6060f9b6cd2227b660dfc3b70,1,boleto,1,-203.99
9e96be941daa62b6b3eb0b074ba23a9e,1,credit_card,10,-530.47
63427723caf2bf22cb154f3d26951677,1,credit_card,10,-118.28
fb283edffd658a4805cb0e8bd4642bd8,1,credit_card,10,-367.2
6b24cf0591948a0a949ee51131cb78ad,1,credit_card,20,-1221.52
ea2568234ef491f3b42d83e8bc5f06e7,1,credit_card,1,-87.42
61c136fddac571834516a52d2e03458d,1,credit_card,5,-55.86
b37375a82d682e5d59381c0e7c86a719,1,credit_card,2,-212.0
4f8bcc599bf25aa16aa67fd4ebf895dc,1,credit_card,3,-114.64
96b7f5a470ca6a58f261be1af286e4d9,1,credit_card,8,-239.72
a93735055445ed9a73d81caa09196c28,1,credit_card,10,-106.38
4b7472650d90b16f5169d774d1e32292,1,credit_card,10,-1079.98
80f3b3dfb90795a9b5bf61ed8e8df267,1,boleto,1,-777.76
75ca39310ce23200e156063e255c3086,1,credit_card,1,-85.21
a092499a9f4bcd992aadbcdc2d5f7843,1,credit_card,5,-545.06
c77b924863d95e0e69aaec7323c1ed90,1,credit_card,3,-62.98
272f2c7a76c95a5f4bae0c236a21df6e,1,credit_card,3,-66.01
226209d53af16a012bd3c8c7c6a9ca53,1,credit_card,1,-89.07
94f6265a57323f7ddf9795f2d46a50e8,1,boleto,1,-97.87
dc03f474e6aa58b6f44b644ebc988d49,1,credit_card,3,-441.11
1a8e038996bda6eec89b10dce066e0c9,1,credit_card,10,-120.47
0d556f5bfd6f6a807960f7e971e8dfd9,1,boleto,1,-42.88
1d71e35103fe8db2e50dfff158650e4b,1,credit_card,1,-127.4
3591b137120676965cee41e9cdb29cd0,1,credit_card,2,-161.77
6c8d10bff26c00a7e916fa8fd5ce56d9,1,credit_card,3,-48.89
93ef9253c47e7dfc633c01f728488cb1,1,credit_card,5,-70.72
019aaee09698daf81dcffe9d94a18b5c,1,credit_card,2,-83.69
907424cd045f2dcb775507e367f9ab60,1,boleto,1,-268.97
fcc9c76cda1ab5637e8ada986e1e3cbe,1,credit_card,3,-172.41
df667ba05e6ea21155bd2b24ea3a9da9,1,credit_card,1,-45.33
8dd925f0031d0e5f405cb0f3ed25edd9,1,credit_card,3,-184.22
c63848e969568be35bddd0e96f1c4285,1,boleto,1,-47.68
219011b6543055a960c7dd94cc5e0770,1,credit_card,3,-91.72
8b9fde773dec0dfd4be4beaa1ada46bf,2,voucher,1,-25.0
1607aa1dabb96d104838f96ccb72f225,1,credit_card,3,-124.25
a73d54d300e639d2e14529f273fc9a1f,1,credit_card,1,-41.32
84b00ddee11d116c7f9194d7bcc43611,1,credit_card,6,-174.58
ac28767a818e6e5bc6895e188ef622ba,1,credit_card,2,-123.75
d58bf4dd85230e05725202c1f0b4b800,1,credit_card,10,-225.7
1436cb05507a787c1dc757c1fa2f275f,1,credit_card,1,-46.53
56c31c03a2fc4a10abafed9320733788,1,credit_card,10,-124.27
3fe46f6a6327c3afa825f1359f7bf566,1,credit_card,2,-49.22
4a7f6dd027d9a492108f77d26d69e304,1,credit_card,4,-279.7
af4de5572edcf4dac89b10578b09c496,1,credit_card,1,-84.72
15b556128c60e476389b2957ed666cbe,1,credit_card,1,-49.3
0bbb3f7791a87d0307555e57da3a1ff1,9,voucher,1,-3.71
f02b294da37145d798be2c6143628850,1,boleto,1,-151.61
63c3ce671d34493be2e342ac33a8249f,1,credit_card,2,-117.49
1566cecea18d487c7958eb073713e8a7,1,credit_card,1,-67.3
8ab4737e31b330e9244e8e1e9a59000c,1,credit_card,9,-90.55
8f003b284055ebd824f3f4b259a49045,1,credit_card,1,-68.18
ed3d1547a4d7808c9cd1b0048f414d29,1,boleto,1,-26.6
f5c689533bee49ee840a49ecfb066b24,1,credit_card,4,-48.22
6bc6eef38b5af8cc3669240983585814,1,boleto,1,-206.16
e65ddff691f659fab67bed2e90069d9b,1,credit_card,3,-63.1
a4a57f1ffa25b90dea9f150fee89db84,1,credit_card,7,-1083.96
3f3af836b5f857d4276ee94f3ca90694,1,boleto,1,-30.62
84fb07b1184d14c73d4062470315b61b,1,credit_card,4,-168.63
b49180948b6f7e304351b16053fe2f42,1,boleto,1,-55.0
16e9aa07e3c0747d339a73bf9c1d275d,1,credit_card,1,-68.08
b875d3bd65d958d749d6932f6361ab40,1,boleto,1,-117.58
8ce27cfd1cf723e54eb8a517a0f687af,1,credit_card,2,-218.45
6deb31531870ed931a10e04108e13c52,1,credit_card,1,-29.84
98b3b28db55c9f6e365c56f05004d3b5,1,credit_card,3,-113.55
76b23067a9ab8343b34607f1be84ca6c,1,credit_card,2,-116.44
2d5a9031ce30f2732d18bb3722b887a4,1,credit_card,4,-87.64
6c7132d0849d1aba9e36d48456b3f5fd,1,credit_card,10,-282.65
a7ccc4df2d363b2ba9037d1ef834a250,1,credit_card,4,-181.78
d21d7411b251f35ead1b210dc946ca70,3,voucher,1,-18.38
1057bf6391c17f9b6960dd996029e1dc,2,voucher,1,-18.12
e1dbf5fa2a0830e4f3464b2d7aeb1ed5,1,credit_card,7,-176.65
b22a25c879419b2e54ca118ee3933dcc,1,credit_card,5,-89.38
aa19638830b7cc5740500c18ace611f6,1,boleto,1,-162.47
36a37af508b09e391728ea24f49f656c,1,credit_card,10,-118.98
34f8407f7b8a9e33a001e63eb8d08545,1,credit_card,1,-34.22
3eecd0cb5bdd21bfa681cf52426d0cb7,1,credit_card,1,-26.28
beda39ef81ca80ce3226111dd4f35155,1,credit_card,3,-115.94
e1a9073ab42d6cbd16dcf2aa7d695f6d,1,credit_card,2,-102.44
85cfaced617bb14d7aa5eeacad8c6ee4,1,credit_card,5,-71.74
48684d386e644dd78838cd828e1e4cc7,1,credit_card,1,-137.32
bc31e8bedc7ea2cb76e1cb0e913ffa40,1,credit_card,1,-165.95
089099bac717ea03540251a8c02858b6,1,credit_card,1,-93.64
6a756c298a96106ab0907b1b1df28e31,1,credit_card,2,-127.98
1c36473b9a0db63449081c0408a96dc8,1,credit_card,3,-32.07
56f3eb3f797bf95b964817291410d0a2,1,credit_card,4,-283.79
68a688be62a4e82e6f8450c215d3fdae,1,credit_card,2,-224.87
fe4033b5e6c7a364a7c3e22083414f85,1,credit_card,2,-115.42
3dbf83f783c5b8b10a714e9c887347ba,1,credit_card,1,-121.39
73df5d6adbeea12c8ae03df93f346e86,3,voucher,1,-29.27
f4e3efa8e78dfe5fcf02d849dabe3869,1,boleto,1,-118.62
63a4d488f28716c95af9ef41eaddca19,1,credit_card,1,-215.07
d23555007fbb6b414f8bb5ae6854782a,1,credit_card,1,-245.68
c663dda98ce9577e802b009d257edeae,1,boleto,1,-21.38
de120713387a2f5797786ebd0795ef04,1,boleto,1,-23.4
3531718b24dfd5022fb0d101e10e33b9,1,credit_card,1,-194.11
